index,ticker,name,cik,sector,sub_industry,industry_group
0,MMM,3M,66740,Industrials,Industrial Conglomerates,Capital Goods
1,AOS,A. O. Smith,91142,Industrials,Building Products,Capital Goods
2,ABT,Abbott Laboratories,1800,Health Care,Health Care Equipment,Health Care Equipment & Services
3,ABBV,AbbVie,1551152,Health Care,Biotechnology,"Pharmaceuticals, Biotechnology & Life Sciences"
4,ACN,Accenture,1467373,Information Technology,IT Consulting & Other Services,Software & Services
5,ADBE,Adobe Inc.,796343,Information Technology,Application Software,Software & Services
6,AMD,Advanced Micro Devices,2488,Information Technology,Semiconductors,Semiconductors & Semiconductor Equipment
7,AES,AES Corporation,874761,Utilities,Independent Power Producers & Energy Traders,Utilities
8,AFL,Aflac,4977,Financials,Life & Health Insurance,Insurance
9,A,Agilent Technologies,1090872,Health Care,Life Sciences Tools & Services,"Pharmaceuticals, Biotechnology & Life Sciences"
10,APD,Air Products,2969,Materials,Industrial Gases,Materials
11,ABNB,Airbnb,1559720,Consumer Discretionary,"Hotels, Resorts & Cruise Lines",Consumer Services
12,AKAM,Akamai Technologies,1086222,Information Technology,Internet Services & Infrastructure,Software & Services
13,ALB,Albemarle Corporation,915913,Materials,Specialty Chemicals,Materials
14,ARE,Alexandria Real Estate Equities,1035443,Real Estate,Office REITs,Equity Real Estate Investment Trusts (REITs)
15,ALGN,Align Technology,1097149,Health Care,Health Care Supplies,Health Care Equipment & Services
16,ALLE,Allegion,1579241,Industrials,Building Products,Capital Goods
17,LNT,Alliant Energy,352541,Utilities,Electric Utilities,Utilities
18,ALL,Allstate,899051,Financials,Property & Casualty Insurance,Insurance
19,GOOGL,Alphabet Inc. (Class A),1652044,Communication Services,Interactive Media & Services,Media & Entertainment
20,GOOG,Alphabet Inc. (Class C),1652044,Communication Services,Interactive Media & Services,Media & Entertainment
21,MO,Altria,764180,Consumer Staples,Tobacco,"Food, Beverage & Tobacco"
22,AMZN,Amazon,1018724,Consumer Discretionary,Broadline Retail,Consumer Discretionary Distribution & Retail
23,AMCR,Amcor,1748790,Materials,Paper & Plastic Packaging Products & Materials,Materials
24,AEE,Ameren,1002910,Utilities,Multi-Utilities,Utilities
25,AEP,American Electric Power,4904,Utilities,Electric Utilities,Utilities
26,AXP,American Express,4962,Financials,Consumer Finance,Financial Services
27,AIG,American International Group,5272,Financials,Multi-line Insurance,Insurance
28,AMT,American Tower,1053507,Real Estate,Telecom Tower REITs,Equity Real Estate Investment Trusts (REITs)
29,AWK,American Water Works,1410636,Utilities,Water Utilities,Utilities
30,AMP,Ameriprise Financial,820027,Financials,Asset Management & Custody Banks,Financial Services
31,AME,Ametek,1037868,Industrials,Electrical Components & Equipment,Capital Goods
32,AMGN,Amgen,318154,Health Care,Biotechnology,"Pharmaceuticals, Biotechnology & Life Sciences"
33,APH,Amphenol,820313,Information Technology,Electronic Components,Technology Hardware & Equipment
34,ADI,Analog Devices,6281,Information Technology,Semiconductors,Semiconductors & Semiconductor Equipment
35,AON,Aon plc,315293,Financials,Insurance Brokers,Insurance
36,APA,APA Corporation,1841666,Energy,Oil & Gas Exploration & Production,Energy
37,APO,Apollo Global Management,1858681,Financials,Asset Management & Custody Banks,Financial Services
38,AAPL,Apple Inc.,320193,Information Technology,"Technology Hardware, Storage & Peripherals",Technology Hardware & Equipment
39,AMAT,Applied Materials,6951,Information Technology,Semiconductor Materials & Equipment,Semiconductors & Semiconductor Equipment
40,APP,AppLovin,1751008,Information Technology,Application Software,Software & Services
41,APTV,Aptiv,1521332,Consumer Discretionary,Automotive Parts & Equipment,Automobiles & Components
42,ACGL,Arch Capital Group,947484,Financials,Property & Casualty Insurance,Insurance
43,ADM,Archer Daniels Midland,7084,Consumer Staples,Agricultural Products & Services,"Food, Beverage & Tobacco"
44,ANET,Arista Networks,1596532,Information Technology,Communications Equipment,Technology Hardware & Equipment
45,AJG,Arthur J. Gallagher & Co.,354190,Financials,Insurance Brokers,Insurance
46,AIZ,Assurant,1267238,Financials,Multi-line Insurance,Insurance
47,T,AT&T,732717,Communication Services,Integrated Telecommunication Services,Telecommunication Services
48,ATO,Atmos Energy,731802,Utilities,Gas Utilities,Utilities
49,ADSK,Autodesk,769397,Information Technology,Application Software,Software & Services
50,ADP,Automatic Data Processing,8670,Industrials,Human Resource & Employment Services,Commercial & Professional Services
51,AZO,AutoZone,866787,Consumer Discretionary,Automotive Retail,Consumer Discretionary Distribution & Retail
52,AVB,AvalonBay Communities,915912,Real Estate,Multi-Family Residential REITs,Equity Real Estate Investment Trusts (REITs)
53,AVY,Avery Dennison,8818,Materials,Paper & Plastic Packaging Products & Materials,Materials
54,AXON,Axon Enterprise,1069183,Industrials,Aerospace & Defense,Capital Goods
55,BKR,Baker Hughes,1701605,Energy,Oil & Gas Equipment & Services,Energy
56,BALL,Ball Corporation,9389,Materials,"Metal, Glass & Plastic Containers",Materials
57,BAC,Bank of America,70858,Financials,Diversified Banks,Banks
58,BAX,Baxter International,10456,Health Care,Health Care Equipment,Health Care Equipment & Services
59,BDX,Becton Dickinson,10795,Health Care,Health Care Equipment,Health Care Equipment & Services
60,BRK.B,Berkshire Hathaway,1067983,Financials,Multi-Sector Holdings,Financial Services
61,BBY,Best Buy,764478,Consumer Discretionary,Computer & Electronics Retail,Consumer Discretionary Distribution & Retail
62,TECH,Bio-Techne,842023,Health Care,Life Sciences Tools & Services,"Pharmaceuticals, Biotechnology & Life Sciences"
63,BIIB,Biogen,875045,Health Care,Biotechnology,"Pharmaceuticals, Biotechnology & Life Sciences"
64,BLK,BlackRock,2012383,Financials,Asset Management & Custody Banks,Financial Services
65,BX,Blackstone Inc.,1393818,Financials,Asset Management & Custody Banks,Financial Services
66,XYZ,"Block, Inc.",1512673,Financials,Transaction & Payment Processing Services,Financial Services
67,BK,BNY Mellon,1390777,Financials,Asset Management & Custody Banks,Financial Services
68,BA,Boeing,12927,Industrials,Aerospace & Defense,Capital Goods
69,BKNG,Booking Holdings,1075531,Consumer Discretionary,"Hotels, Resorts & Cruise Lines",Consumer Services
70,BSX,Boston Scientific,885725,Health Care,Health Care Equipment,Health Care Equipment & Services
71,BMY,Bristol Myers Squibb,14272,Health Care,Pharmaceuticals,"Pharmaceuticals, Biotechnology & Life Sciences"
72,AVGO,Broadcom,1730168,Information Technology,Semiconductors,Semiconductors & Semiconductor Equipment
73,BR,Broadridge Financial Solutions,1383312,Industrials,Data Processing & Outsourced Services,Commercial & Professional Services
74,BRO,Brown & Brown,79282,Financials,Insurance Brokers,Insurance
75,BF.B,Brown–Forman,14693,Consumer Staples,Distillers & Vintners,"Food, Beverage & Tobacco"
76,BLDR,Builders FirstSource,1316835,Industrials,Building Products,Capital Goods
77,BG,Bunge Global,1996862,Consumer Staples,Agricultural Products & Services,"Food, Beverage & Tobacco"
78,BXP,"BXP, Inc.",1037540,Real Estate,Office REITs,Equity Real Estate Investment Trusts (REITs)
79,CHRW,C.H. Robinson,1043277,Industrials,Air Freight & Logistics,Transportation
80,CDNS,Cadence Design Systems,813672,Information Technology,Application Software,Software & Services
81,CPT,Camden Property Trust,906345,Real Estate,Multi-Family Residential REITs,Equity Real Estate Investment Trusts (REITs)
82,CPB,Campbell's Company (The),16732,Consumer Staples,Packaged Foods & Meats,"Food, Beverage & Tobacco"
83,COF,Capital One,927628,Financials,Consumer Finance,Financial Services
84,CAH,Cardinal Health,721371,Health Care,Health Care Distributors,Health Care Equipment & Services
85,CCL,Carnival,815097,Consumer Discretionary,"Hotels, Resorts & Cruise Lines",Consumer Services
86,CARR,Carrier Global,1783180,Industrials,Building Products,Capital Goods
87,CAT,Caterpillar Inc.,18230,Industrials,Construction Machinery & Heavy Transportation Equipment,Capital Goods
88,CBOE,Cboe Global Markets,1374310,Financials,Financial Exchanges & Data,Financial Services
89,CBRE,CBRE Group,1138118,Real Estate,Real Estate Services,Real Estate Management & Development
90,CDW,CDW Corporation,1402057,Information Technology,Technology Distributors,Technology Hardware & Equipment
91,COR,Cencora,1140859,Health Care,Health Care Distributors,Health Care Equipment & Services
92,CNC,Centene Corporation,1071739,Health Care,Managed Health Care,Health Care Equipment & Services
93,CNP,CenterPoint Energy,1130310,Utilities,Multi-Utilities,Utilities
94,CF,CF Industries,1324404,Materials,Fertilizers & Agricultural Chemicals,Materials
95,CRL,Charles River Laboratories,1100682,Health Care,Life Sciences Tools & Services,"Pharmaceuticals, Biotechnology & Life Sciences"
96,SCHW,Charles Schwab Corporation,316709,Financials,Investment Banking & Brokerage,Financial Services
97,CHTR,Charter Communications,1091667,Communication Services,Cable & Satellite,Media & Entertainment
98,CVX,Chevron Corporation,93410,Energy,Integrated Oil & Gas,Energy
99,CMG,Chipotle Mexican Grill,1058090,Consumer Discretionary,Restaurants,Consumer Services
100,CB,Chubb Limited,896159,Financials,Property & Casualty Insurance,Insurance
101,CHD,Church & Dwight,313927,Consumer Staples,Household Products,Household & Personal Products
102,CI,Cigna,1739940,Health Care,Health Care Services,Health Care Equipment & Services
103,CINF,Cincinnati Financial,20286,Financials,Property & Casualty Insurance,Insurance
104,CTAS,Cintas,723254,Industrials,Diversified Support Services,Commercial & Professional Services
105,CSCO,Cisco,858877,Information Technology,Communications Equipment,Technology Hardware & Equipment
106,C,Citigroup,831001,Financials,Diversified Banks,Banks
107,CFG,Citizens Financial Group,759944,Financials,Regional Banks,Banks
108,CLX,Clorox,21076,Consumer Staples,Household Products,Household & Personal Products
109,CME,CME Group,1156375,Financials,Financial Exchanges & Data,Financial Services
110,CMS,CMS Energy,811156,Utilities,Multi-Utilities,Utilities
111,KO,Coca-Cola Company (The),21344,Consumer Staples,Soft Drinks & Non-alcoholic Beverages,"Food, Beverage & Tobacco"
112,CTSH,Cognizant,1058290,Information Technology,IT Consulting & Other Services,Software & Services
113,COIN,Coinbase,1679788,Financials,Financial Exchanges & Data,Financial Services
114,CL,Colgate-Palmolive,21665,Consumer Staples,Household Products,Household & Personal Products
115,CMCSA,Comcast,1166691,Communication Services,Cable & Satellite,Media & Entertainment
116,CAG,Conagra Brands,23217,Consumer Staples,Packaged Foods & Meats,"Food, Beverage & Tobacco"
117,COP,ConocoPhillips,1163165,Energy,Oil & Gas Exploration & Production,Energy
118,ED,Consolidated Edison,1047862,Utilities,Multi-Utilities,Utilities
119,STZ,Constellation Brands,16918,Consumer Staples,Distillers & Vintners,"Food, Beverage & Tobacco"
120,CEG,Constellation Energy,1868275,Utilities,Electric Utilities,Utilities
121,COO,Cooper Companies (The),711404,Health Care,Health Care Supplies,Health Care Equipment & Services
122,CPRT,Copart,900075,Industrials,Diversified Support Services,Commercial & Professional Services
123,GLW,Corning Inc.,24741,Information Technology,Electronic Components,Technology Hardware & Equipment
124,CPAY,Corpay,1175454,Financials,Transaction & Payment Processing Services,Financial Services
125,CTVA,Corteva,1755672,Materials,Fertilizers & Agricultural Chemicals,Materials
126,CSGP,CoStar Group,1057352,Real Estate,Real Estate Services,Real Estate Management & Development
127,COST,Costco,909832,Consumer Staples,Consumer Staples Merchandise Retail,Consumer Staples Distribution & Retail
128,CTRA,Coterra,858470,Energy,Oil & Gas Exploration & Production,Energy
129,CRWD,CrowdStrike,1535527,Information Technology,Systems Software,Software & Services
130,CCI,Crown Castle,1051470,Real Estate,Telecom Tower REITs,Equity Real Estate Investment Trusts (REITs)
131,CSX,CSX Corporation,277948,Industrials,Rail Transportation,Transportation
132,CMI,Cummins,26172,Industrials,Construction Machinery & Heavy Transportation Equipment,Capital Goods
133,CVS,CVS Health,64803,Health Care,Health Care Services,Health Care Equipment & Services
134,DHR,Danaher Corporation,313616,Health Care,Life Sciences Tools & Services,"Pharmaceuticals, Biotechnology & Life Sciences"
135,DRI,Darden Restaurants,940944,Consumer Discretionary,Restaurants,Consumer Services
136,DDOG,Datadog,1561550,Information Technology,Application Software,Software & Services
137,DVA,DaVita,927066,Health Care,Health Care Services,Health Care Equipment & Services
138,DAY,Dayforce,1725057,Industrials,Human Resource & Employment Services,Commercial & Professional Services
139,DECK,Deckers Brands,910521,Consumer Discretionary,Footwear,Consumer Durables & Apparel
140,DE,Deere & Company,315189,Industrials,Agricultural & Farm Machinery,Capital Goods
141,DELL,Dell Technologies,1571996,Information Technology,"Technology Hardware, Storage & Peripherals",Technology Hardware & Equipment
142,DAL,Delta Air Lines,27904,Industrials,Passenger Airlines,Transportation
143,DVN,Devon Energy,1090012,Energy,Oil & Gas Exploration & Production,Energy
144,DXCM,Dexcom,1093557,Health Care,Health Care Equipment,Health Care Equipment & Services
145,FANG,Diamondback Energy,1539838,Energy,Oil & Gas Exploration & Production,Energy
146,DLR,Digital Realty,1297996,Real Estate,Data Center REITs,Equity Real Estate Investment Trusts (REITs)
147,DG,Dollar General,29534,Consumer Staples,Consumer Staples Merchandise Retail,Consumer Staples Distribution & Retail
148,DLTR,Dollar Tree,935703,Consumer Staples,Consumer Staples Merchandise Retail,Consumer Staples Distribution & Retail
149,D,Dominion Energy,715957,Utilities,Multi-Utilities,Utilities
150,DPZ,Domino's,1286681,Consumer Discretionary,Restaurants,Consumer Services
151,DASH,DoorDash,1792789,Consumer Discretionary,Specialized Consumer Services,Consumer Services
152,DOV,Dover Corporation,29905,Industrials,Industrial Machinery & Supplies & Components,Capital Goods
153,DOW,Dow Inc.,1751788,Materials,Commodity Chemicals,Materials
154,DHI,D. R. Horton,882184,Consumer Discretionary,Homebuilding,Consumer Durables & Apparel
155,DTE,DTE Energy,936340,Utilities,Multi-Utilities,Utilities
156,DUK,Duke Energy,1326160,Utilities,Electric Utilities,Utilities
157,DD,DuPont,1666700,Materials,Specialty Chemicals,Materials
158,ETN,Eaton Corporation,1551182,Industrials,Electrical Components & Equipment,Capital Goods
159,EBAY,eBay Inc.,1065088,Consumer Discretionary,Broadline Retail,Consumer Discretionary Distribution & Retail
160,ECL,Ecolab,31462,Materials,Specialty Chemicals,Materials
161,EIX,Edison International,827052,Utilities,Electric Utilities,Utilities
162,EW,Edwards Lifesciences,1099800,Health Care,Health Care Equipment,Health Care Equipment & Services
163,EA,Electronic Arts,712515,Communication Services,Interactive Home Entertainment,Media & Entertainment
164,ELV,Elevance Health,1156039,Health Care,Managed Health Care,Health Care Equipment & Services
165,EME,Emcor,105634,Industrials,Construction & Engineering,Capital Goods
166,EMR,Emerson Electric,32604,Industrials,Electrical Components & Equipment,Capital Goods
167,ETR,Entergy,65984,Utilities,Electric Utilities,Utilities
168,EOG,EOG Resources,821189,Energy,Oil & Gas Exploration & Production,Energy
169,EPAM,EPAM Systems,1352010,Information Technology,IT Consulting & Other Services,Software & Services
170,EQT,EQT Corporation,33213,Energy,Oil & Gas Exploration & Production,Energy
171,EFX,Equifax,33185,Industrials,Research & Consulting Services,Commercial & Professional Services
172,EQIX,Equinix,1101239,Real Estate,Data Center REITs,Equity Real Estate Investment Trusts (REITs)
173,EQR,Equity Residential,906107,Real Estate,Multi-Family Residential REITs,Equity Real Estate Investment Trusts (REITs)
174,ERIE,Erie Indemnity,922621,Financials,Insurance Brokers,Insurance
175,ESS,Essex Property Trust,920522,Real Estate,Multi-Family Residential REITs,Equity Real Estate Investment Trusts (REITs)
176,EL,Estée Lauder Companies (The),1001250,Consumer Staples,Personal Care Products,Household & Personal Products
177,EG,Everest Group,1095073,Financials,Reinsurance,Insurance
178,EVRG,Evergy,1711269,Utilities,Electric Utilities,Utilities
179,ES,Eversource Energy,72741,Utilities,Electric Utilities,Utilities
180,EXC,Exelon,1109357,Utilities,Electric Utilities,Utilities
181,EXE,Expand Energy,895126,Energy,Oil & Gas Exploration & Production,Energy
182,EXPE,Expedia Group,1324424,Consumer Discretionary,"Hotels, Resorts & Cruise Lines",Consumer Services
183,EXPD,Expeditors International,746515,Industrials,Air Freight & Logistics,Transportation
184,EXR,Extra Space Storage,1289490,Real Estate,Self-Storage REITs,Equity Real Estate Investment Trusts (REITs)
185,XOM,ExxonMobil,34088,Energy,Integrated Oil & Gas,Energy
186,FFIV,"F5, Inc.",1048695,Information Technology,Communications Equipment,Technology Hardware & Equipment
187,FDS,FactSet,1013237,Financials,Financial Exchanges & Data,Financial Services
188,FICO,Fair Isaac,814547,Information Technology,Application Software,Software & Services
189,FAST,Fastenal,815556,Industrials,Trading Companies & Distributors,Capital Goods
190,FRT,Federal Realty Investment Trust,34903,Real Estate,Retail REITs,Equity Real Estate Investment Trusts (REITs)
191,FDX,FedEx,1048911,Industrials,Air Freight & Logistics,Transportation
192,FIS,Fidelity National Information Services,1136893,Financials,Transaction & Payment Processing Services,Financial Services
193,FITB,Fifth Third Bancorp,35527,Financials,Regional Banks,Banks
194,FSLR,First Solar,1274494,Information Technology,Semiconductors,Semiconductors & Semiconductor Equipment
195,FE,FirstEnergy,1031296,Utilities,Electric Utilities,Utilities
196,FISV,Fiserv,798354,Financials,Transaction & Payment Processing Services,Financial Services
197,F,Ford Motor Company,37996,Consumer Discretionary,Automobile Manufacturers,Automobiles & Components
198,FTNT,Fortinet,1262039,Information Technology,Systems Software,Software & Services
199,FTV,Fortive,1659166,Industrials,Industrial Machinery & Supplies & Components,Capital Goods
200,FOXA,Fox Corporation (Class A),1754301,Communication Services,Broadcasting,Media & Entertainment
201,FOX,Fox Corporation (Class B),1754301,Communication Services,Broadcasting,Media & Entertainment
202,BEN,Franklin Resources,38777,Financials,Asset Management & Custody Banks,Financial Services
203,FCX,Freeport-McMoRan,831259,Materials,Copper,Materials
204,GRMN,Garmin,1121788,Consumer Discretionary,Consumer Electronics,Consumer Durables & Apparel
205,IT,Gartner,749251,Information Technology,IT Consulting & Other Services,Software & Services
206,GE,GE Aerospace,40545,Industrials,Aerospace & Defense,Capital Goods
207,GEHC,GE HealthCare,1932393,Health Care,Health Care Equipment,Health Care Equipment & Services
208,GEV,GE Vernova,1996810,Industrials,Heavy Electrical Equipment,Capital Goods
209,GEN,Gen Digital,849399,Information Technology,Systems Software,Software & Services
210,GNRC,Generac,1474735,Industrials,Electrical Components & Equipment,Capital Goods
211,GD,General Dynamics,40533,Industrials,Aerospace & Defense,Capital Goods
212,GIS,General Mills,40704,Consumer Staples,Packaged Foods & Meats,"Food, Beverage & Tobacco"
213,GM,General Motors,1467858,Consumer Discretionary,Automobile Manufacturers,Automobiles & Components
214,GPC,Genuine Parts Company,40987,Consumer Discretionary,Distributors,Consumer Discretionary Distribution & Retail
215,GILD,Gilead Sciences,882095,Health Care,Biotechnology,"Pharmaceuticals, Biotechnology & Life Sciences"
216,GPN,Global Payments,1123360,Financials,Transaction & Payment Processing Services,Financial Services
217,GL,Globe Life,320335,Financials,Life & Health Insurance,Insurance
218,GDDY,GoDaddy,1609711,Information Technology,Internet Services & Infrastructure,Software & Services
219,GS,Goldman Sachs,886982,Financials,Investment Banking & Brokerage,Financial Services
220,HAL,Halliburton,45012,Energy,Oil & Gas Equipment & Services,Energy
221,HIG,Hartford (The),874766,Financials,Property & Casualty Insurance,Insurance
222,HAS,Hasbro,46080,Consumer Discretionary,Leisure Products,Consumer Durables & Apparel
223,HCA,HCA Healthcare,860730,Health Care,Health Care Facilities,Health Care Equipment & Services
224,DOC,Healthpeak Properties,765880,Real Estate,Health Care REITs,Equity Real Estate Investment Trusts (REITs)
225,HSIC,Henry Schein,1000228,Health Care,Health Care Distributors,Health Care Equipment & Services
226,HSY,Hershey Company (The),47111,Consumer Staples,Packaged Foods & Meats,"Food, Beverage & Tobacco"
227,HPE,Hewlett Packard Enterprise,1645590,Information Technology,"Technology Hardware, Storage & Peripherals",Technology Hardware & Equipment
228,HLT,Hilton Worldwide,1585689,Consumer Discretionary,"Hotels, Resorts & Cruise Lines",Consumer Services
229,HOLX,Hologic,859737,Health Care,Health Care Equipment,Health Care Equipment & Services
230,HD,Home Depot (The),354950,Consumer Discretionary,Home Improvement Retail,Consumer Discretionary Distribution & Retail
231,HON,Honeywell,773840,Industrials,Industrial Conglomerates,Capital Goods
232,HRL,Hormel Foods,48465,Consumer Staples,Packaged Foods & Meats,"Food, Beverage & Tobacco"
233,HST,Host Hotels & Resorts,1070750,Real Estate,Hotel & Resort REITs,Equity Real Estate Investment Trusts (REITs)
234,HWM,Howmet Aerospace,4281,Industrials,Aerospace & Defense,Capital Goods
235,HPQ,HP Inc.,47217,Information Technology,"Technology Hardware, Storage & Peripherals",Technology Hardware & Equipment
236,HUBB,Hubbell Incorporated,48898,Industrials,Industrial Machinery & Supplies & Components,Capital Goods
237,HUM,Humana,49071,Health Care,Managed Health Care,Health Care Equipment & Services
238,HBAN,Huntington Bancshares,49196,Financials,Regional Banks,Banks
239,HII,Huntington Ingalls Industries,1501585,Industrials,Aerospace & Defense,Capital Goods
240,IBM,IBM,51143,Information Technology,IT Consulting & Other Services,Software & Services
241,IEX,IDEX Corporation,832101,Industrials,Industrial Machinery & Supplies & Components,Capital Goods
242,IDXX,Idexx Laboratories,874716,Health Care,Health Care Equipment,Health Care Equipment & Services
243,ITW,Illinois Tool Works,49826,Industrials,Industrial Machinery & Supplies & Components,Capital Goods
244,INCY,Incyte,879169,Health Care,Biotechnology,"Pharmaceuticals, Biotechnology & Life Sciences"
245,IR,Ingersoll Rand,1699150,Industrials,Industrial Machinery & Supplies & Components,Capital Goods
246,PODD,Insulet Corporation,1145197,Health Care,Health Care Equipment,Health Care Equipment & Services
247,INTC,Intel,50863,Information Technology,Semiconductors,Semiconductors & Semiconductor Equipment
248,IBKR,Interactive Brokers,1381197,Financials,Investment Banking & Brokerage,Financial Services
249,ICE,Intercontinental Exchange,1571949,Financials,Financial Exchanges & Data,Financial Services
250,IFF,International Flavors & Fragrances,51253,Materials,Specialty Chemicals,Materials
251,IP,International Paper,51434,Materials,Paper & Plastic Packaging Products & Materials,Materials
252,INTU,Intuit,896878,Information Technology,Application Software,Software & Services
253,ISRG,Intuitive Surgical,1035267,Health Care,Health Care Equipment,Health Care Equipment & Services
254,IVZ,Invesco,914208,Financials,Asset Management & Custody Banks,Financial Services
255,INVH,Invitation Homes,1687229,Real Estate,Single-Family Residential REITs,Equity Real Estate Investment Trusts (REITs)
256,IQV,IQVIA,1478242,Health Care,Life Sciences Tools & Services,"Pharmaceuticals, Biotechnology & Life Sciences"
257,IRM,Iron Mountain,1020569,Real Estate,Other Specialized REITs,Equity Real Estate Investment Trusts (REITs)
258,JBHT,J.B. Hunt,728535,Industrials,Cargo Ground Transportation,Transportation
259,JBL,Jabil,898293,Information Technology,Electronic Manufacturing Services,Technology Hardware & Equipment
260,JKHY,Jack Henry & Associates,779152,Financials,Transaction & Payment Processing Services,Financial Services
261,J,Jacobs Solutions,52988,Industrials,Construction & Engineering,Capital Goods
262,JNJ,Johnson & Johnson,200406,Health Care,Pharmaceuticals,"Pharmaceuticals, Biotechnology & Life Sciences"
263,JCI,Johnson Controls,833444,Industrials,Building Products,Capital Goods
264,JPM,JPMorgan Chase,19617,Financials,Diversified Banks,Banks
265,K,Kellanova,55067,Consumer Staples,Packaged Foods & Meats,"Food, Beverage & Tobacco"
266,KVUE,Kenvue,1944048,Consumer Staples,Personal Care Products,Household & Personal Products
267,KDP,Keurig Dr Pepper,1418135,Consumer Staples,Soft Drinks & Non-alcoholic Beverages,"Food, Beverage & Tobacco"
268,KEY,KeyCorp,91576,Financials,Regional Banks,Banks
269,KEYS,Keysight Technologies,1601046,Information Technology,Electronic Equipment & Instruments,Technology Hardware & Equipment
270,KMB,Kimberly-Clark,55785,Consumer Staples,Household Products,Household & Personal Products
271,KIM,Kimco Realty,879101,Real Estate,Retail REITs,Equity Real Estate Investment Trusts (REITs)
272,KMI,Kinder Morgan,1506307,Energy,Oil & Gas Storage & Transportation,Energy
273,KKR,KKR & Co.,1404912,Financials,Asset Management & Custody Banks,Financial Services
274,KLAC,KLA Corporation,319201,Information Technology,Semiconductor Materials & Equipment,Semiconductors & Semiconductor Equipment
275,KHC,Kraft Heinz,1637459,Consumer Staples,Packaged Foods & Meats,"Food, Beverage & Tobacco"
276,KR,Kroger,56873,Consumer Staples,Food Retail,Consumer Staples Distribution & Retail
277,LHX,L3Harris,202058,Industrials,Aerospace & Defense,Capital Goods
278,LH,Labcorp,920148,Health Care,Health Care Services,Health Care Equipment & Services
279,LRCX,Lam Research,707549,Information Technology,Semiconductor Materials & Equipment,Semiconductors & Semiconductor Equipment
280,LW,Lamb Weston,1679273,Consumer Staples,Packaged Foods & Meats,"Food, Beverage & Tobacco"
281,LVS,Las Vegas Sands,1300514,Consumer Discretionary,Casinos & Gaming,Consumer Services
282,LDOS,Leidos,1336920,Industrials,Diversified Support Services,Commercial & Professional Services
283,LEN,Lennar,920760,Consumer Discretionary,Homebuilding,Consumer Durables & Apparel
284,LII,Lennox International,1069202,Industrials,Building Products,Capital Goods
285,LLY,Lilly (Eli),59478,Health Care,Pharmaceuticals,"Pharmaceuticals, Biotechnology & Life Sciences"
286,LIN,Linde plc,1707925,Materials,Industrial Gases,Materials
287,LYV,Live Nation Entertainment,1335258,Communication Services,Movies & Entertainment,Media & Entertainment
288,LKQ,LKQ Corporation,1065696,Consumer Discretionary,Distributors,Consumer Discretionary Distribution & Retail
289,LMT,Lockheed Martin,936468,Industrials,Aerospace & Defense,Capital Goods
290,L,Loews Corporation,60086,Financials,Multi-line Insurance,Insurance
291,LOW,Lowe's,60667,Consumer Discretionary,Home Improvement Retail,Consumer Discretionary Distribution & Retail
292,LULU,Lululemon Athletica,1397187,Consumer Discretionary,"Apparel, Accessories & Luxury Goods",Consumer Durables & Apparel
293,LYB,LyondellBasell,1489393,Materials,Specialty Chemicals,Materials
294,MTB,M&T Bank,36270,Financials,Regional Banks,Banks
295,MPC,Marathon Petroleum,1510295,Energy,Oil & Gas Refining & Marketing,Energy
296,MAR,Marriott International,1048286,Consumer Discretionary,"Hotels, Resorts & Cruise Lines",Consumer Services
297,MMC,Marsh McLennan,62709,Financials,Insurance Brokers,Insurance
298,MLM,Martin Marietta Materials,916076,Materials,Construction Materials,Materials
299,MAS,Masco,62996,Industrials,Building Products,Capital Goods
300,MA,Mastercard,1141391,Financials,Transaction & Payment Processing Services,Financial Services
301,MTCH,Match Group,891103,Communication Services,Interactive Media & Services,Media & Entertainment
302,MKC,McCormick & Company,63754,Consumer Staples,Packaged Foods & Meats,"Food, Beverage & Tobacco"
303,MCD,McDonald's,63908,Consumer Discretionary,Restaurants,Consumer Services
304,MCK,McKesson Corporation,927653,Health Care,Health Care Distributors,Health Care Equipment & Services
305,MDT,Medtronic,1613103,Health Care,Health Care Equipment,Health Care Equipment & Services
306,MRK,Merck & Co.,310158,Health Care,Pharmaceuticals,"Pharmaceuticals, Biotechnology & Life Sciences"
307,META,Meta Platforms,1326801,Communication Services,Interactive Media & Services,Media & Entertainment
308,MET,MetLife,1099219,Financials,Life & Health Insurance,Insurance
309,MTD,Mettler Toledo,1037646,Health Care,Life Sciences Tools & Services,"Pharmaceuticals, Biotechnology & Life Sciences"
310,MGM,MGM Resorts,789570,Consumer Discretionary,Casinos & Gaming,Consumer Services
311,MCHP,Microchip Technology,827054,Information Technology,Semiconductors,Semiconductors & Semiconductor Equipment
312,MU,Micron Technology,723125,Information Technology,Semiconductors,Semiconductors & Semiconductor Equipment
313,MSFT,Microsoft,789019,Information Technology,Systems Software,Software & Services
314,MAA,Mid-America Apartment Communities,912595,Real Estate,Multi-Family Residential REITs,Equity Real Estate Investment Trusts (REITs)
315,MRNA,Moderna,1682852,Health Care,Biotechnology,"Pharmaceuticals, Biotechnology & Life Sciences"
316,MHK,Mohawk Industries,851968,Consumer Discretionary,Home Furnishings,Consumer Durables & Apparel
317,MOH,Molina Healthcare,1179929,Health Care,Managed Health Care,Health Care Equipment & Services
318,TAP,Molson Coors Beverage Company,24545,Consumer Staples,Brewers,"Food, Beverage & Tobacco"
319,MDLZ,Mondelez International,1103982,Consumer Staples,Packaged Foods & Meats,"Food, Beverage & Tobacco"
320,MPWR,Monolithic Power Systems,1280452,Information Technology,Semiconductors,Semiconductors & Semiconductor Equipment
321,MNST,Monster Beverage,865752,Consumer Staples,Soft Drinks & Non-alcoholic Beverages,"Food, Beverage & Tobacco"
322,MCO,Moody's Corporation,1059556,Financials,Financial Exchanges & Data,Financial Services
323,MS,Morgan Stanley,895421,Financials,Investment Banking & Brokerage,Financial Services
324,MOS,Mosaic Company (The),1285785,Materials,Fertilizers & Agricultural Chemicals,Materials
325,MSI,Motorola Solutions,68505,Information Technology,Communications Equipment,Technology Hardware & Equipment
326,MSCI,MSCI Inc.,1408198,Financials,Financial Exchanges & Data,Financial Services
327,NDAQ,"Nasdaq, Inc.",1120193,Financials,Financial Exchanges & Data,Financial Services
328,NTAP,NetApp,1002047,Information Technology,"Technology Hardware, Storage & Peripherals",Technology Hardware & Equipment
329,NFLX,Netflix,1065280,Communication Services,Movies & Entertainment,Media & Entertainment
330,NEM,Newmont,1164727,Materials,Gold,Materials
331,NWSA,News Corp (Class A),1564708,Communication Services,Publishing,Media & Entertainment
332,NWS,News Corp (Class B),1564708,Communication Services,Publishing,Media & Entertainment
333,NEE,NextEra Energy,753308,Utilities,Multi-Utilities,Utilities
334,NKE,"Nike, Inc.",320187,Consumer Discretionary,"Apparel, Accessories & Luxury Goods",Consumer Durables & Apparel
335,NI,NiSource,1111711,Utilities,Multi-Utilities,Utilities
336,NDSN,Nordson Corporation,72331,Industrials,Industrial Machinery & Supplies & Components,Capital Goods
337,NSC,Norfolk Southern,702165,Industrials,Rail Transportation,Transportation
338,NTRS,Northern Trust,73124,Financials,Asset Management & Custody Banks,Financial Services
339,NOC,Northrop Grumman,1133421,Industrials,Aerospace & Defense,Capital Goods
340,NCLH,Norwegian Cruise Line Holdings,1513761,Consumer Discretionary,"Hotels, Resorts & Cruise Lines",Consumer Services
341,NRG,NRG Energy,1013871,Utilities,Independent Power Producers & Energy Traders,Utilities
342,NUE,Nucor,73309,Materials,Steel,Materials
343,NVDA,Nvidia,1045810,Information Technology,Semiconductors,Semiconductors & Semiconductor Equipment
344,NVR,"NVR, Inc.",906163,Consumer Discretionary,Homebuilding,Consumer Durables & Apparel
345,NXPI,NXP Semiconductors,1413447,Information Technology,Semiconductors,Semiconductors & Semiconductor Equipment
346,ORLY,O’Reilly Automotive,898173,Consumer Discretionary,Automotive Retail,Consumer Discretionary Distribution & Retail
347,OXY,Occidental Petroleum,797468,Energy,Oil & Gas Exploration & Production,Energy
348,ODFL,Old Dominion,878927,Industrials,Cargo Ground Transportation,Transportation
349,OMC,Omnicom Group,29989,Communication Services,Advertising,Media & Entertainment
350,ON,ON Semiconductor,1097864,Information Technology,Semiconductors,Semiconductors & Semiconductor Equipment
351,OKE,Oneok,1039684,Energy,Oil & Gas Storage & Transportation,Energy
352,ORCL,Oracle Corporation,1341439,Information Technology,Application Software,Software & Services
353,OTIS,Otis Worldwide,1781335,Industrials,Industrial Machinery & Supplies & Components,Capital Goods
354,PCAR,Paccar,75362,Industrials,Construction Machinery & Heavy Transportation Equipment,Capital Goods
355,PKG,Packaging Corporation of America,75677,Materials,Paper & Plastic Packaging Products & Materials,Materials
356,PLTR,Palantir Technologies,1321655,Information Technology,Application Software,Software & Services
357,PANW,Palo Alto Networks,1327567,Information Technology,Systems Software,Software & Services
358,PSKY,Paramount Skydance Corporation,2041610,Communication Services,Movies & Entertainment,Media & Entertainment
359,PH,Parker Hannifin,76334,Industrials,Industrial Machinery & Supplies & Components,Capital Goods
360,PAYX,Paychex,723531,Industrials,Human Resource & Employment Services,Commercial & Professional Services
361,PAYC,Paycom,1590955,Industrials,Human Resource & Employment Services,Commercial & Professional Services
362,PYPL,PayPal,1633917,Financials,Transaction & Payment Processing Services,Financial Services
363,PNR,Pentair,77360,Industrials,Industrial Machinery & Supplies & Components,Capital Goods
364,PEP,PepsiCo,77476,Consumer Staples,Soft Drinks & Non-alcoholic Beverages,"Food, Beverage & Tobacco"
365,PFE,Pfizer,78003,Health Care,Pharmaceuticals,"Pharmaceuticals, Biotechnology & Life Sciences"
366,PCG,PG&E Corporation,1004980,Utilities,Multi-Utilities,Utilities
367,PM,Philip Morris International,1413329,Consumer Staples,Tobacco,"Food, Beverage & Tobacco"
368,PSX,Phillips 66,1534701,Energy,Oil & Gas Refining & Marketing,Energy
369,PNW,Pinnacle West Capital,764622,Utilities,Multi-Utilities,Utilities
370,PNC,PNC Financial Services,713676,Financials,Diversified Banks,Banks
371,POOL,Pool Corporation,945841,Consumer Discretionary,Distributors,Consumer Discretionary Distribution & Retail
372,PPG,PPG Industries,79879,Materials,Specialty Chemicals,Materials
373,PPL,PPL Corporation,922224,Utilities,Electric Utilities,Utilities
374,PFG,Principal Financial Group,1126328,Financials,Life & Health Insurance,Insurance
375,PG,Procter & Gamble,80424,Consumer Staples,Personal Care Products,Household & Personal Products
376,PGR,Progressive Corporation,80661,Financials,Property & Casualty Insurance,Insurance
377,PLD,Prologis,1045609,Real Estate,Industrial REITs,Equity Real Estate Investment Trusts (REITs)
378,PRU,Prudential Financial,1137774,Financials,Life & Health Insurance,Insurance
379,PEG,Public Service Enterprise Group,788784,Utilities,Electric Utilities,Utilities
380,PTC,PTC Inc.,857005,Information Technology,Application Software,Software & Services
381,PSA,Public Storage,1393311,Real Estate,Self-Storage REITs,Equity Real Estate Investment Trusts (REITs)
382,PHM,PulteGroup,822416,Consumer Discretionary,Homebuilding,Consumer Durables & Apparel
383,PWR,Quanta Services,1050915,Industrials,Construction & Engineering,Capital Goods
384,QCOM,Qualcomm,804328,Information Technology,Semiconductors,Semiconductors & Semiconductor Equipment
385,DGX,Quest Diagnostics,1022079,Health Care,Health Care Services,Health Care Equipment & Services
386,Q,Qnity Electronics,2058873,Information Technology,Semiconductor Materials & Equipment,Semiconductors & Semiconductor Equipment
387,RL,Ralph Lauren Corporation,1037038,Consumer Discretionary,"Apparel, Accessories & Luxury Goods",Consumer Durables & Apparel
388,RJF,Raymond James Financial,720005,Financials,Investment Banking & Brokerage,Financial Services
389,RTX,RTX Corporation,101829,Industrials,Aerospace & Defense,Capital Goods
390,O,Realty Income,726728,Real Estate,Retail REITs,Equity Real Estate Investment Trusts (REITs)
391,REG,Regency Centers,910606,Real Estate,Retail REITs,Equity Real Estate Investment Trusts (REITs)
392,REGN,Regeneron Pharmaceuticals,872589,Health Care,Biotechnology,"Pharmaceuticals, Biotechnology & Life Sciences"
393,RF,Regions Financial Corporation,1281761,Financials,Regional Banks,Banks
394,RSG,Republic Services,1060391,Industrials,Environmental & Facilities Services,Commercial & Professional Services
395,RMD,ResMed,943819,Health Care,Health Care Equipment,Health Care Equipment & Services
396,RVTY,Revvity,31791,Health Care,Health Care Equipment,Health Care Equipment & Services
397,HOOD,Robinhood Markets,1783879,Financials,Investment Banking & Brokerage,Financial Services
398,ROK,Rockwell Automation,1024478,Industrials,Electrical Components & Equipment,Capital Goods
399,ROL,"Rollins, Inc.",84839,Industrials,Environmental & Facilities Services,Commercial & Professional Services
400,ROP,Roper Technologies,882835,Information Technology,Electronic Equipment & Instruments,Technology Hardware & Equipment
401,ROST,Ross Stores,745732,Consumer Discretionary,Apparel Retail,Consumer Discretionary Distribution & Retail
402,RCL,Royal Caribbean Group,884887,Consumer Discretionary,"Hotels, Resorts & Cruise Lines",Consumer Services
403,SPGI,S&P Global,64040,Financials,Financial Exchanges & Data,Financial Services
404,CRM,Salesforce,1108524,Information Technology,Application Software,Software & Services
405,SBAC,SBA Communications,1034054,Real Estate,Telecom Tower REITs,Equity Real Estate Investment Trusts (REITs)
406,SLB,Schlumberger,87347,Energy,Oil & Gas Equipment & Services,Energy
407,STX,Seagate Technology,1137789,Information Technology,"Technology Hardware, Storage & Peripherals",Technology Hardware & Equipment
408,SRE,Sempra,1032208,Utilities,Multi-Utilities,Utilities
409,NOW,ServiceNow,1373715,Information Technology,Systems Software,Software & Services
410,SHW,Sherwin-Williams,89800,Materials,Specialty Chemicals,Materials
411,SPG,Simon Property Group,1063761,Real Estate,Retail REITs,Equity Real Estate Investment Trusts (REITs)
412,SWKS,Skyworks Solutions,4127,Information Technology,Semiconductors,Semiconductors & Semiconductor Equipment
413,SJM,J.M. Smucker Company (The),91419,Consumer Staples,Packaged Foods & Meats,"Food, Beverage & Tobacco"
414,SW,Smurfit Westrock,2005951,Materials,Paper & Plastic Packaging Products & Materials,Materials
415,SNA,Snap-on,91440,Industrials,Industrial Machinery & Supplies & Components,Capital Goods
416,SOLS,Solstice Advanced Materials,2064953,Materials,Specialty Chemicals,Materials
417,SOLV,Solventum,1964738,Health Care,Health Care Technology,Health Care Equipment & Services
418,SO,Southern Company,92122,Utilities,Electric Utilities,Utilities
419,LUV,Southwest Airlines,92380,Industrials,Passenger Airlines,Transportation
420,SWK,Stanley Black & Decker,93556,Industrials,Industrial Machinery & Supplies & Components,Capital Goods
421,SBUX,Starbucks,829224,Consumer Discretionary,Restaurants,Consumer Services
422,STT,State Street Corporation,93751,Financials,Asset Management & Custody Banks,Financial Services
423,STLD,Steel Dynamics,1022671,Materials,Steel,Materials
424,STE,Steris,1757898,Health Care,Health Care Equipment,Health Care Equipment & Services
425,SYK,Stryker Corporation,310764,Health Care,Health Care Equipment,Health Care Equipment & Services
426,SMCI,Supermicro,1375365,Information Technology,"Technology Hardware, Storage & Peripherals",Technology Hardware & Equipment
427,SYF,Synchrony Financial,1601712,Financials,Consumer Finance,Financial Services
428,SNPS,Synopsys,883241,Information Technology,Application Software,Software & Services
429,SYY,Sysco,96021,Consumer Staples,Food Distributors,Consumer Staples Distribution & Retail
430,TMUS,T-Mobile US,1283699,Communication Services,Wireless Telecommunication Services,Telecommunication Services
431,TROW,T. Rowe Price,1113169,Financials,Asset Management & Custody Banks,Financial Services
432,TTWO,Take-Two Interactive,946581,Communication Services,Interactive Home Entertainment,Media & Entertainment
433,TPR,"Tapestry, Inc.",1116132,Consumer Discretionary,"Apparel, Accessories & Luxury Goods",Consumer Durables & Apparel
434,TRGP,Targa Resources,1389170,Energy,Oil & Gas Storage & Transportation,Energy
435,TGT,Target Corporation,27419,Consumer Staples,Consumer Staples Merchandise Retail,Consumer Staples Distribution & Retail
436,TEL,TE Connectivity,1385157,Information Technology,Electronic Manufacturing Services,Technology Hardware & Equipment
437,TDY,Teledyne Technologies,1094285,Information Technology,Electronic Equipment & Instruments,Technology Hardware & Equipment
438,TER,Teradyne,97210,Information Technology,Semiconductor Materials & Equipment,Semiconductors & Semiconductor Equipment
439,TSLA,"Tesla, Inc.",1318605,Consumer Discretionary,Automobile Manufacturers,Automobiles & Components
440,TXN,Texas Instruments,97476,Information Technology,Semiconductors,Semiconductors & Semiconductor Equipment
441,TPL,Texas Pacific Land Corporation,1811074,Energy,Oil & Gas Exploration & Production,Energy
442,TXT,Textron,217346,Industrials,Aerospace & Defense,Capital Goods
443,TMO,Thermo Fisher Scientific,97745,Health Care,Life Sciences Tools & Services,"Pharmaceuticals, Biotechnology & Life Sciences"
444,TJX,TJX Companies,109198,Consumer Discretionary,Apparel Retail,Consumer Discretionary Distribution & Retail
445,TKO,TKO Group Holdings,1973266,Communication Services,Movies & Entertainment,Media & Entertainment
446,TTD,Trade Desk (The),1671933,Communication Services,Advertising,Media & Entertainment
447,TSCO,Tractor Supply,916365,Consumer Discretionary,Other Specialty Retail,Consumer Discretionary Distribution & Retail
448,TT,Trane Technologies,1466258,Industrials,Building Products,Capital Goods
449,TDG,TransDigm Group,1260221,Industrials,Aerospace & Defense,Capital Goods
450,TRV,Travelers Companies (The),86312,Financials,Property & Casualty Insurance,Insurance
451,TRMB,Trimble Inc.,864749,Information Technology,Electronic Equipment & Instruments,Technology Hardware & Equipment
452,TFC,Truist Financial,92230,Financials,Diversified Banks,Banks
453,TYL,Tyler Technologies,860731,Information Technology,Application Software,Software & Services
454,TSN,Tyson Foods,100493,Consumer Staples,Packaged Foods & Meats,"Food, Beverage & Tobacco"
455,USB,U.S. Bancorp,36104,Financials,Diversified Banks,Banks
456,UBER,Uber,1543151,Industrials,Passenger Ground Transportation,Transportation
457,UDR,"UDR, Inc.",74208,Real Estate,Multi-Family Residential REITs,Equity Real Estate Investment Trusts (REITs)
458,ULTA,Ulta Beauty,1403568,Consumer Discretionary,Other Specialty Retail,Consumer Discretionary Distribution & Retail
459,UNP,Union Pacific Corporation,100885,Industrials,Rail Transportation,Transportation
460,UAL,United Airlines Holdings,100517,Industrials,Passenger Airlines,Transportation
461,UPS,United Parcel Service,1090727,Industrials,Air Freight & Logistics,Transportation
462,URI,United Rentals,1067701,Industrials,Trading Companies & Distributors,Capital Goods
463,UNH,UnitedHealth Group,731766,Health Care,Managed Health Care,Health Care Equipment & Services
464,UHS,Universal Health Services,352915,Health Care,Health Care Facilities,Health Care Equipment & Services
465,VLO,Valero Energy,1035002,Energy,Oil & Gas Refining & Marketing,Energy
466,VTR,Ventas,740260,Real Estate,Health Care REITs,Equity Real Estate Investment Trusts (REITs)
467,VLTO,Veralto,1967680,Industrials,Environmental & Facilities Services,Commercial & Professional Services
468,VRSN,Verisign,1014473,Information Technology,Internet Services & Infrastructure,Software & Services
469,VRSK,Verisk Analytics,1442145,Industrials,Research & Consulting Services,Commercial & Professional Services
470,VZ,Verizon,732712,Communication Services,Integrated Telecommunication Services,Telecommunication Services
471,VRTX,Vertex Pharmaceuticals,875320,Health Care,Biotechnology,"Pharmaceuticals, Biotechnology & Life Sciences"
472,VTRS,Viatris,1792044,Health Care,Pharmaceuticals,"Pharmaceuticals, Biotechnology & Life Sciences"
473,VICI,Vici Properties,1705696,Real Estate,Hotel & Resort REITs,Equity Real Estate Investment Trusts (REITs)
474,V,Visa Inc.,1403161,Financials,Transaction & Payment Processing Services,Financial Services
475,VST,Vistra Corp.,1692819,Utilities,Electric Utilities,Utilities
476,VMC,Vulcan Materials Company,1396009,Materials,Construction Materials,Materials
477,WRB,W. R. Berkley Corporation,11544,Financials,Property & Casualty Insurance,Insurance
478,GWW,W. W. Grainger,277135,Industrials,Industrial Machinery & Supplies & Components,Capital Goods
479,WAB,Wabtec,943452,Industrials,Construction Machinery & Heavy Transportation Equipment,Capital Goods
480,WMT,Walmart,104169,Consumer Staples,Consumer Staples Merchandise Retail,Consumer Staples Distribution & Retail
481,DIS,Walt Disney Company (The),1744489,Communication Services,Movies & Entertainment,Media & Entertainment
482,WBD,Warner Bros. Discovery,1437107,Communication Services,Broadcasting,Media & Entertainment
483,WM,Waste Management,823768,Industrials,Environmental & Facilities Services,Commercial & Professional Services
484,WAT,Waters Corporation,1000697,Health Care,Life Sciences Tools & Services,"Pharmaceuticals, Biotechnology & Life Sciences"
485,WEC,WEC Energy Group,783325,Utilities,Electric Utilities,Utilities
486,WFC,Wells Fargo,72971,Financials,Diversified Banks,Banks
487,WELL,Welltower,766704,Real Estate,Health Care REITs,Equity Real Estate Investment Trusts (REITs)
488,WST,West Pharmaceutical Services,105770,Health Care,Health Care Supplies,Health Care Equipment & Services
489,WDC,Western Digital,106040,Information Technology,"Technology Hardware, Storage & Peripherals",Technology Hardware & Equipment
490,WY,Weyerhaeuser,106535,Real Estate,Timber REITs,Equity Real Estate Investment Trusts (REITs)
491,WSM,"Williams-Sonoma, Inc.",719955,Consumer Discretionary,Homefurnishing Retail,Consumer Discretionary Distribution & Retail
492,WMB,Williams Companies,107263,Energy,Oil & Gas Storage & Transportation,Energy
493,WTW,Willis Towers Watson,1140536,Financials,Insurance Brokers,Insurance
494,WDAY,"Workday, Inc.",1327811,Information Technology,Application Software,Software & Services
495,WYNN,Wynn Resorts,1174922,Consumer Discretionary,Casinos & Gaming,Consumer Services
496,XEL,Xcel Energy,72903,Utilities,Multi-Utilities,Utilities
497,XYL,Xylem Inc.,1524472,Industrials,Industrial Machinery & Supplies & Components,Capital Goods
498,YUM,Yum! Brands,1041061,Consumer Discretionary,Restaurants,Consumer Services
499,ZBRA,Zebra Technologies,877212,Information Technology,Electronic Equipment & Instruments,Technology Hardware & Equipment
500,ZBH,Zimmer Biomet,1136869,Health Care,Health Care Equipment,Health Care Equipment & Services
501,ZTS,Zoetis,1555280,Health Care,Pharmaceuticals,"Pharmaceuticals, Biotechnology & Life Sciences"
